{
    "border_count": 171,
    "depth": 3,
    "iterations": 1636,
    "l2_leaf_reg": 1.484030223980834,
    "learning_rate": 0.06686139106555584
}