{"iterations": 1074, "learning_rate": 0.06721674526057983, "depth": 7, "l2_leaf_reg": 1.3469133565636897, "border_count": 274}