{
    "border_count": 143,
    "depth": 3,
    "iterations": 1483,
    "l2_leaf_reg": 2.6080805141749863,
    "learning_rate": 0.13172143366064895
}