{
    "border_count": 45,
    "depth": 6,
    "iterations": 1938,
    "l2_leaf_reg": 2.0299918577845526,
    "learning_rate": 0.19082628275414532
}