{"iterations": 1196, "learning_rate": 0.06834558997548014, "depth": 6, "l2_leaf_reg": 1.9383850126629283, "border_count": 244, "quant_idx": 1, "mono_idx": 0}