{
    "quant_idx": 0,
    "mono_idx": 0,
    "iterations": 1841,
    "learning_rate": 0.03431834646276711,
    "depth": 6,
    "l2_leaf_reg": 2.879851324918031,
    "border_count": 142
}