{
    "border_count": 191,
    "depth": 4,
    "iterations": 1636,
    "l2_leaf_reg": 1.6489224710898156,
    "learning_rate": 0.06078308278686894
}