{
    "border_count": 130,
    "depth": 4,
    "iterations": 1413,
    "l2_leaf_reg": 2.6080805141749863,
    "learning_rate": 0.11974675787331722
}