{
    "border_count": 178,
    "depth": 3,
    "iterations": 1604,
    "l2_leaf_reg": 7.274049173264459,
    "learning_rate": 0.147774092391821
}