{
    "border_count": 162,
    "depth": 4,
    "iterations": 1528,
    "l2_leaf_reg": 6.612771975694963,
    "learning_rate": 0.1641934359909122
}