{
    "iterations": 1030,
    "learning_rate": 0.06719225143996402,
    "depth": 6,
    "l2_leaf_reg": 1.3167538764912765,
    "border_count": 229,
    "quant_idx": 2,
    "mono_idx": 0
}