{
    "Baseline":{
        "RMSE":17863.7732813685,
        "MAPE":4.7230947602,
        "R2":0.9938464101
    },
    "TimeAware":{
        "RMSE":19730.552723094,
        "MAPE":5.4737255481,
        "R2":0.9924866696
    },
    "Golden":{
        "RMSE":17753.8403078594,
        "MAPE":4.6069537062,
        "R2":0.9939230172
    },
    "RS_tuned":{
        "RMSE":16684.3729277429,
        "MAPE":4.3238298901,
        "R2":0.9946602064
    },
    "optuna":{
        "RMSE":17330.3992875523,
        "MAPE":4.7052798432,
        "R2":0.9942051054
    }
}